animalname,mybrainvol
191212_4,518.914934388791
191212_5,522.601933922609
191212_6,563.990928689416
191212_7,556.099929687148
191212_8,512.864935153748
191212_9,566.319928394939
